Draw Number,1,2,3,4,5,PB
1,4,10,11,12,18,2
2,2,10,11,26,28,10
3,5,10,11,13,15,10
4,9,11,24,26,33,4
5,8,11,12,19,31,10
6,6,13,16,25,36,5
7,4,11,12,24,28,7
8,5,8,24,29,31,10
9,1,8,22,31,33,6
10,5,8,22,25,28,6
11,1,9,15,23,32,1
12,5,14,18,21,30,7
13,3,4,16,17,34,4
14,10,13,21,23,24,2
15,2,5,10,14,15,1
16,4,25,30,32,34,3
17,5,9,17,18,24,4
18,3,19,26,28,33,7
19,1,7,8,11,21,7
20,10,16,21,22,36,2
21,2,6,17,20,35,6
22,7,20,23,25,35,10
23,6,10,18,24,32,5
24,8,16,22,31,36,2
25,1,5,17,20,36,5
26,4,5,26,30,34,9
27,1,9,12,15,30,10
28,2,3,18,22,31,10
29,13,17,28,30,32,1
30,5,8,10,23,32,6
31,8,14,19,31,32,4
32,12,13,14,32,36,5
33,1,12,18,19,36,3
34,6,15,16,17,28,3
35,7,24,26,27,32,9
36,1,20,29,34,36,4
37,11,12,14,25,29,3
38,4,7,11,14,19,9
39,3,4,10,16,31,2
40,6,9,16,21,30,10
41,6,8,14,31,36,9
42,6,19,20,25,34,1
43,6,8,15,27,28,1
44,7,12,17,19,20,3
45,13,14,24,27,34,7
46,3,10,12,18,26,6
47,7,27,28,32,33,9
48,9,27,29,34,36,9
49,17,18,24,31,34,10
50,8,9,19,21,23,7
51,15,23,24,29,36,5
52,1,7,15,26,29,10
53,3,7,22,35,36,9
54,10,16,17,18,26,8
55,2,16,18,34,36,4
56,1,4,10,23,28,5
57,2,16,28,31,34,2
58,11,12,24,27,34,2
59,2,16,27,35,36,9
60,10,22,29,32,35,4
61,5,8,21,25,36,8
62,1,19,20,29,30,6
63,3,7,17,25,33,8
64,4,20,25,29,33,1
65,3,4,23,26,29,5
66,17,20,22,32,34,9
67,3,14,16,20,28,8
68,2,13,16,22,31,4
69,1,14,15,23,25,5
70,13,15,16,33,35,8
71,9,10,22,25,34,5
72,1,8,14,17,29,9
73,7,10,16,21,22,7
74,13,19,24,28,35,8
75,12,19,23,32,33,7
76,1,3,5,14,24,6
77,4,9,17,25,34,5
78,3,7,20,21,34,9
79,21,25,28,33,34,4
80,1,15,20,29,31,7
81,16,18,31,35,36,7
82,12,18,20,29,31,10
83,1,3,15,26,28,7
84,10,14,15,19,34,9
85,2,4,5,7,17,7
86,2,6,8,29,32,7
87,3,5,8,13,27,5
88,3,6,21,29,31,1
89,4,19,20,24,26,4
90,9,13,21,29,31,5
91,2,7,18,24,34,5
92,1,2,4,29,32,7
93,6,9,15,22,32,4
94,5,7,8,11,19,8
95,6,16,20,23,36,6
96,7,18,22,23,34,7
97,6,13,14,23,34,6
98,8,12,15,26,32,10
99,1,8,19,20,21,9
100,1,5,6,14,35,10
101,5,14,22,26,28,8
102,3,12,19,20,25,8
103,8,10,12,23,32,5
104,1,9,14,18,22,2
105,15,19,28,29,35,8
106,5,20,22,26,34,4
107,18,19,22,29,34,2
108,1,12,17,21,29,9
109,12,21,25,29,35,1
110,2,17,24,25,29,4
111,5,15,27,30,36,7
112,5,17,18,20,34,3
113,3,4,11,27,33,9
114,10,16,17,30,31,5
115,16,19,21,31,33,8
116,3,17,27,31,32,5
117,10,23,30,31,36,1
118,7,24,27,35,36,3
119,2,7,12,14,31,10
120,8,16,20,29,31,6
121,4,10,16,25,34,1
122,1,21,27,29,34,10
123,14,16,17,28,29,9
124,10,21,27,28,36,10
125,2,16,21,22,32,1
126,9,12,22,33,35,7
127,4,14,19,27,29,5
128,5,6,9,25,27,10
129,7,10,14,23,29,1
130,3,16,23,24,35,10
131,4,11,16,20,28,2
132,1,2,5,15,20,5
133,2,5,6,7,14,7
134,2,3,17,22,26,5
135,6,8,9,10,14,6
136,4,10,27,30,34,2
137,1,16,25,33,34,6
138,8,9,16,19,20,5
139,1,12,21,25,27,6
140,5,7,18,21,22,8
141,2,7,17,21,29,9
142,4,7,19,27,28,5
143,1,11,18,27,36,1
144,10,13,22,26,35,7
145,1,2,11,19,35,7
146,3,7,15,23,35,5
147,4,16,22,23,29,5
148,18,20,27,29,31,1
149,9,13,26,31,33,3
150,4,15,18,21,34,8
151,3,9,11,16,35,8
152,10,13,23,25,26,3
153,4,10,11,19,27,9
154,7,13,27,32,35,5
155,10,11,15,16,29,2
156,5,11,17,25,26,4
157,10,19,25,26,31,1
158,7,10,11,12,14,8
159,1,13,16,26,30,8
160,4,13,14,19,34,6
161,1,3,6,8,24,8
162,8,9,17,29,33,8
163,3,12,25,32,33,6
164,4,9,15,17,21,8
165,7,20,27,33,36,9
166,8,24,25,33,34,8
167,1,4,11,12,22,8
168,2,11,17,25,35,8
169,17,22,30,34,35,6
170,12,19,31,35,36,9
171,1,12,16,22,26,5
172,19,28,30,31,36,4
173,6,10,13,19,24,3
174,4,6,8,16,19,9
175,13,18,20,21,33,1
176,3,12,15,21,33,7
177,12,18,23,30,36,7
178,11,18,19,30,32,2
179,11,16,18,20,32,10
180,7,15,20,25,31,3
181,5,14,24,26,29,10
182,11,16,23,27,30,9
183,11,13,22,31,32,3
184,15,16,20,22,27,4
185,17,26,27,32,34,5
186,10,13,16,25,32,1
187,3,8,9,15,30,5
188,16,20,27,28,35,10
189,12,13,16,19,20,3
190,4,6,25,26,29,1
191,8,10,16,24,25,4
192,7,20,27,31,32,8
193,8,10,12,28,35,2
194,5,10,21,32,36,7
195,9,13,15,28,33,9
196,1,10,13,14,32,7
197,3,7,8,17,21,8
198,13,14,29,33,35,5
199,5,10,25,30,34,3
200,6,10,27,29,33,3
201,11,15,16,17,20,2
202,13,15,27,29,35,5
203,2,8,27,30,31,7
204,2,4,12,21,35,7
205,4,11,15,24,32,2
206,5,6,10,16,34,4
207,4,11,19,26,36,3
208,3,6,10,15,19,5
209,9,14,16,21,31,4
210,5,15,18,28,32,4
211,5,28,32,33,35,8
212,16,19,21,31,34,5
213,6,10,12,19,24,10
214,13,17,23,25,28,3
215,12,22,25,27,36,9
216,16,23,26,28,29,10
217,1,3,16,23,29,2
218,6,7,16,19,36,5
219,11,27,28,29,31,7
220,1,3,11,20,31,10
221,1,9,12,15,25,2
222,3,4,7,27,36,8
223,3,12,15,19,20,3
224,4,12,22,30,33,9
225,12,14,18,31,32,4
226,4,13,20,32,36,4
227,3,4,15,16,32,8
228,5,13,19,22,26,1
229,8,14,16,21,28,7
230,2,6,9,14,35,4
231,1,12,26,34,35,4
232,7,18,20,28,36,9
233,7,9,17,22,25,6
234,11,17,22,27,32,6
235,9,17,24,31,35,2
236,15,18,22,31,34,6
237,4,7,13,27,29,1
238,7,13,14,31,33,2
239,3,12,22,25,26,6
240,6,12,18,29,35,3
241,8,12,16,19,32,2
242,3,8,24,30,33,2
243,13,14,15,27,29,5
244,1,2,16,35,36,7
245,4,7,25,26,33,2
246,6,17,20,28,32,10
247,18,21,29,30,31,7
248,1,13,17,24,28,6
249,13,15,24,25,33,9
250,12,16,17,23,27,3
251,22,24,25,27,33,1
252,8,9,12,24,29,4
253,4,9,21,22,30,2
254,3,7,17,30,34,2
255,5,11,28,33,34,9
256,7,22,27,33,35,5
257,18,27,31,32,35,5
258,2,6,12,18,32,1
259,2,11,12,19,32,8
260,7,8,21,23,28,5
261,8,15,17,21,33,2
262,3,25,26,28,32,4
263,4,10,22,25,30,1
264,5,13,14,17,31,1
265,13,22,23,31,33,1
266,14,25,27,28,29,8
267,2,4,10,13,36,3
268,17,20,29,35,36,6
269,7,9,13,15,21,7
270,4,8,11,18,25,9
271,2,10,17,33,34,9
272,2,16,20,26,29,8
273,2,4,15,16,24,2
274,5,8,29,30,33,1
275,13,23,26,29,34,7
276,2,4,7,23,33,6
277,3,9,16,34,36,3
278,2,3,17,22,30,9
279,2,7,12,32,33,8
280,3,8,23,29,32,7
281,7,14,19,22,34,7
282,7,9,11,17,21,1
283,3,16,17,18,33,1
284,2,13,17,19,30,8
285,1,5,16,19,34,9
286,1,11,15,26,33,10
287,3,12,24,26,35,6
288,20,22,30,31,36,10
289,5,7,11,19,36,5
290,1,6,9,21,27,9
291,1,12,20,22,27,9
292,9,19,23,27,35,2
293,4,5,9,16,28,1
294,4,10,16,20,33,5
295,1,7,11,24,30,9
296,4,6,20,22,28,4
297,4,5,23,25,27,10
298,4,11,14,22,27,5
299,9,12,28,30,31,3
300,19,31,32,35,36,3
301,8,17,28,30,33,2
302,5,20,24,27,30,8
303,2,4,21,24,36,3
304,5,9,22,25,34,7
305,1,2,11,16,21,7
306,4,6,7,20,27,3
307,17,25,29,32,35,9
308,4,6,23,35,36,6
309,1,15,20,23,27,7
310,4,7,8,26,32,1
311,1,3,7,9,26,6
312,8,13,22,24,36,5
313,10,17,23,29,32,6
314,10,13,17,18,28,8
315,3,5,18,20,27,5
316,10,20,22,31,33,7
317,6,8,17,23,33,2
318,7,8,20,29,35,3
319,11,16,27,29,32,2
320,4,17,20,29,35,4
321,8,10,18,22,33,6
322,10,14,15,23,31,8
323,13,17,21,22,35,10
324,9,11,25,30,31,7
325,4,5,23,24,32,10
326,1,4,8,25,35,7
327,4,23,34,35,36,5
328,11,15,20,25,34,10
329,3,18,24,28,30,6
330,7,9,10,18,19,10
331,2,13,19,32,33,4
332,7,8,11,17,24,5
333,4,5,12,15,18,9
334,12,28,32,33,34,9
335,1,18,24,31,33,2
336,4,11,23,31,35,9
337,2,5,26,30,35,2
338,3,9,17,23,28,8
339,8,12,14,21,34,4
340,2,21,29,32,36,3
341,5,13,19,25,36,9
342,1,6,18,20,34,8
343,4,9,16,26,28,9
344,4,7,16,27,35,5
345,8,25,29,30,32,6
346,9,12,16,25,33,9
347,1,5,10,24,28,10
348,1,5,12,23,27,5
349,1,11,12,20,25,1
350,9,12,15,20,25,3
351,17,24,25,26,28,9
352,11,16,20,24,26,4
353,1,6,9,16,34,4
354,1,9,11,22,25,10
355,11,13,22,25,26,9
356,14,16,18,23,30,4
357,3,5,19,22,28,4
358,9,10,18,22,32,10
359,8,9,12,19,36,5
360,5,6,10,26,34,1
361,1,5,14,26,33,1
362,17,21,23,25,33,2
363,9,13,20,29,33,6
364,1,2,6,7,34,8
365,4,11,12,21,26,9
366,3,25,32,34,36,7
367,2,4,22,23,24,8
368,9,13,23,28,29,8
369,19,20,21,29,33,9
370,1,5,11,19,27,2
371,1,3,7,10,30,4
372,9,16,20,26,34,5
373,8,13,20,35,36,7
374,12,16,19,21,23,5
375,19,21,25,29,34,7
376,14,17,22,23,36,6
377,1,4,19,30,35,6
378,1,4,11,12,27,3
379,7,9,12,18,22,2
380,9,10,17,20,35,6
381,2,7,10,12,16,7
382,4,6,17,33,36,8
383,1,4,5,25,33,4
384,11,15,16,19,33,1
385,8,12,13,18,32,6
386,19,20,25,30,34,4
387,3,7,17,19,36,6
388,12,16,18,25,30,6
389,7,9,24,28,30,4
390,3,8,22,27,31,6
391,8,15,19,25,29,6
392,10,12,28,29,31,4
393,3,5,15,33,34,10
394,5,14,25,27,35,5
395,4,10,16,18,31,4
396,3,7,12,24,35,4
397,1,5,6,15,24,3
398,7,14,30,31,36,1
399,1,2,10,13,16,6
400,5,8,20,25,29,10
401,1,16,20,21,34,10
402,2,8,20,30,33,3
403,2,10,15,16,29,5
404,9,15,26,29,33,7
405,7,15,17,22,24,8
406,1,9,14,15,20,2
407,2,24,31,34,35,6
408,4,13,14,29,30,8
409,1,5,15,21,31,7
410,4,19,20,32,34,3
411,5,12,34,35,36,10
412,3,11,13,14,35,8
413,7,9,12,13,15,4
414,3,10,13,31,35,10
415,14,17,23,24,25,2
416,16,17,21,33,34,2
417,13,28,29,30,36,2
418,5,12,15,19,25,8
419,11,13,14,17,24,8
420,4,30,31,33,34,4
421,3,15,22,31,34,4
422,13,14,19,22,26,4
423,16,17,20,23,26,10
424,6,7,15,28,32,10
425,1,6,10,22,24,9
426,4,7,10,14,15,10
427,12,17,27,32,36,2
428,4,15,16,30,36,2
429,1,4,15,23,29,3
430,6,9,15,21,23,2
431,1,2,12,32,36,7
432,2,13,16,32,33,1
433,3,14,26,29,30,7
434,14,19,24,29,34,2
435,1,4,5,19,22,7
436,5,6,13,31,36,8
437,1,14,15,25,28,2
438,9,13,15,22,31,4
439,4,9,18,24,32,2
440,2,4,27,31,35,1
441,8,18,28,31,32,2
442,2,5,8,19,30,6
443,4,7,28,31,33,1
444,5,11,16,32,34,4
445,12,22,24,30,36,7
446,5,11,18,21,22,7
447,2,14,27,35,36,5
448,3,8,18,28,34,3
449,1,3,8,13,26,10
450,9,12,17,25,36,9
451,4,13,18,26,35,8
452,1,16,28,33,36,5
453,1,10,27,31,34,8
454,6,8,17,19,21,6
455,12,15,22,24,26,7
456,6,20,22,27,34,2
457,7,11,18,24,32,6
458,5,7,24,35,36,4
459,6,24,30,32,36,7
460,17,18,28,29,32,10
461,1,10,22,27,34,7
462,1,7,10,20,26,2
463,8,12,22,24,34,5
464,6,16,19,20,34,2
465,7,11,15,17,34,7
466,7,13,15,19,34,7
467,2,15,21,28,36,5
468,4,8,21,27,35,7
469,4,12,19,25,30,5
470,3,4,7,16,27,6
471,12,19,24,34,35,2
472,1,2,8,14,16,7
473,12,13,17,27,32,4
474,11,20,31,32,33,8
475,3,4,13,15,35,10
476,6,24,30,31,35,3
477,1,14,31,34,35,9
478,3,15,22,29,34,6
479,2,3,21,23,29,6
480,8,13,15,22,23,7
481,6,17,24,26,28,5
482,13,15,19,34,36,5
483,3,5,27,31,35,6
484,2,8,25,26,32,4
485,3,11,18,28,29,5
486,17,21,31,34,35,2
487,3,4,9,18,35,5
488,2,5,7,8,27,6
489,10,27,31,34,35,7
490,3,6,16,21,27,8
491,6,28,29,34,35,4
492,11,15,21,25,26,9
493,7,21,22,27,36,3
494,7,10,13,17,28,6
495,2,12,18,27,33,3
496,9,19,24,29,31,2
497,13,23,29,30,36,9
498,4,11,12,15,17,6
499,10,24,25,26,30,5
500,11,17,23,27,28,6
501,5,7,11,13,25,5
502,5,14,19,22,29,10
503,13,20,26,29,36,2
504,7,14,15,19,21,8
505,11,20,26,28,30,4
506,1,3,21,22,24,9
507,2,3,15,23,28,2
508,4,10,17,30,34,2
509,7,19,29,32,35,4
510,4,8,13,20,31,4
511,5,25,31,33,36,8
512,1,3,18,25,33,9
513,11,18,24,25,26,5
514,1,16,20,23,34,3
515,20,22,29,35,36,2
516,7,18,24,30,33,7
517,9,18,19,20,29,8
518,1,6,23,27,31,1
519,7,8,12,23,24,8
520,13,18,24,27,32,6
521,18,20,26,27,29,4
522,9,19,20,31,34,1
523,15,18,19,24,33,8
524,22,25,34,35,36,10
525,20,26,28,29,36,4
526,7,10,15,23,25,10
527,1,13,22,33,34,9
528,9,13,17,23,34,5
529,1,20,26,28,33,6
530,1,13,16,23,29,7
531,18,19,26,34,36,3
532,15,16,21,28,29,3
533,6,10,11,21,30,3
534,5,6,7,15,18,9
535,6,11,12,17,28,3
536,9,12,17,22,29,3
537,3,6,8,17,31,9
538,1,15,18,24,29,3
539,5,10,31,35,36,5
540,7,8,26,27,35,1
541,9,12,13,14,25,8
542,11,14,15,22,33,6
543,16,19,24,26,33,4
544,7,12,15,18,28,10
545,5,16,24,31,35,10
546,8,15,16,18,23,3
547,5,6,20,31,34,1
548,8,24,27,29,35,1
549,6,15,20,25,30,5
550,1,11,14,17,23,4
551,2,3,8,22,27,2
552,11,15,21,27,30,7
553,10,19,26,27,34,5
554,1,10,19,30,35,1
555,1,11,13,19,26,7
556,3,11,13,16,31,2
557,6,7,30,31,34,3
558,16,19,22,27,29,7
559,5,11,19,24,27,6
560,10,11,18,23,32,3
561,9,13,15,19,33,7
562,1,11,15,17,31,5
563,7,24,30,31,36,10
564,3,11,14,21,31,4
565,1,7,19,29,36,8
566,8,10,16,18,25,9
567,14,25,29,34,35,9
568,4,5,21,28,34,5
569,3,12,13,27,28,9
570,14,17,19,21,26,6
571,8,17,21,24,29,7
572,2,23,25,29,33,1
573,2,4,8,10,14,8
574,17,18,23,28,34,5
575,11,19,23,32,34,5
576,3,4,5,7,25,6
577,1,5,6,25,35,1
578,4,18,19,32,36,6
579,6,15,17,32,35,10
580,7,9,10,19,32,9
581,9,11,25,29,30,10
582,4,9,13,17,33,5
583,3,10,18,19,35,3
584,14,16,19,27,34,2
585,8,27,29,33,36,8
586,12,15,18,21,35,10
587,11,14,18,23,29,10
588,6,9,24,25,28,4
589,7,9,14,30,34,5
590,2,4,15,25,35,9
591,2,14,25,26,36,2
592,16,24,25,29,34,7
593,4,10,28,32,34,10
594,2,5,22,33,34,4
595,6,17,24,28,33,4
596,14,18,25,31,32,5
597,4,18,20,24,33,5
598,4,9,14,25,28,1
599,21,23,24,28,29,1
600,7,14,21,23,30,9
601,13,15,18,30,35,9
602,18,23,25,33,35,7
603,2,6,12,13,32,5
604,13,15,18,33,34,4
605,4,8,9,16,36,10
606,3,11,14,26,34,8
607,6,9,10,26,33,2
608,5,10,11,25,32,7
609,2,6,9,10,14,10
610,13,25,27,32,34,7
611,6,14,17,19,24,6
612,4,11,16,26,32,10
613,11,14,26,27,30,1
614,1,2,4,14,36,9
615,3,10,21,24,35,9
616,8,13,17,18,24,4
617,6,12,27,29,36,10
618,6,7,11,14,34,1
619,5,7,16,20,23,5
620,1,7,18,19,27,4
621,4,7,9,14,26,5
622,7,9,24,32,36,7
623,5,12,13,16,27,9
624,5,7,9,22,24,7
625,2,3,21,25,34,8
626,18,28,29,34,36,2
627,1,14,15,25,35,6
628,8,14,24,30,31,10
629,11,18,24,33,34,2
630,7,19,20,24,32,10
631,8,26,27,28,36,1
632,5,9,20,22,24,9
633,2,9,27,28,31,4
634,5,8,21,22,26,3
635,2,11,26,27,29,2
636,5,8,15,16,34,6
637,6,8,13,15,36,6
638,4,13,19,20,27,10
639,3,9,26,28,34,6
640,3,5,16,17,27,1
641,5,6,7,9,27,10
642,15,19,23,28,31,7
643,1,22,24,28,32,7
644,4,5,6,18,29,1
645,2,8,17,27,32,5
646,1,6,11,21,24,8
647,16,22,26,29,31,10
648,14,18,22,27,31,9
649,3,8,14,31,36,10
650,3,5,7,21,25,7
651,12,14,15,24,32,1
652,9,20,24,28,34,5
653,3,13,18,29,33,1
654,3,5,8,23,34,5
655,4,10,12,15,23,6
656,6,17,19,27,32,8
657,2,6,8,24,35,9
658,12,25,26,28,34,3
659,1,9,18,27,34,2
660,3,4,21,27,33,3
661,14,19,21,27,28,1
662,1,21,26,33,35,9
663,2,5,15,20,23,5
664,3,7,18,25,33,10
665,2,4,12,19,30,7
666,3,11,16,33,35,8
667,1,12,16,27,29,1
668,16,19,23,24,35,7
669,5,25,32,35,36,1
670,1,4,7,12,21,5
671,26,27,28,31,32,3
672,4,5,12,13,18,8
673,8,12,13,15,36,6
674,5,7,9,11,28,7
675,1,12,23,28,29,4
676,12,20,22,28,32,9
677,2,7,13,23,25,3
678,11,12,14,16,35,5
679,1,6,13,30,34,5
680,4,5,19,21,33,4
681,7,18,28,29,30,2
682,1,11,12,16,20,7
683,7,14,21,29,35,1
684,12,20,29,35,36,9
685,10,22,26,27,35,10
686,4,5,22,29,34,1
687,2,7,15,16,23,4
688,5,7,11,12,18,6
689,6,10,11,22,25,9
690,4,9,17,19,26,6
691,4,10,11,15,17,5
692,6,13,16,17,26,1
693,1,2,8,27,33,9
694,6,8,13,18,21,4
695,7,10,17,33,34,6
696,3,18,20,27,31,2
697,3,15,29,30,32,2
698,3,6,8,16,30,1
699,9,10,12,19,21,6
700,1,8,9,19,30,6
701,9,28,31,32,33,6
702,1,3,6,30,32,3
703,14,20,26,29,32,7
704,5,10,11,23,36,4
705,4,16,24,31,33,7
706,10,26,29,35,36,8
707,9,18,20,25,28,8
708,17,20,21,23,34,10
709,3,9,10,28,34,8
710,2,11,19,21,28,10
711,20,22,28,34,35,2
712,9,16,20,30,34,3
713,1,23,25,34,35,1
714,8,11,13,24,31,5
715,2,10,22,24,29,6
716,2,8,27,32,34,3
717,13,14,15,26,28,4
718,4,5,13,29,32,2
719,1,19,20,29,31,6
720,2,5,16,18,19,5
721,2,5,26,27,30,10
722,3,13,18,31,34,10
723,7,10,25,34,36,6
724,8,14,18,31,36,1
725,12,25,27,32,36,2
726,12,14,16,30,35,6
727,5,19,24,27,28,2
728,4,18,24,28,33,7
729,11,15,17,30,35,4
730,3,6,10,21,28,5
731,2,3,10,14,15,2
732,3,10,11,14,17,5
733,4,6,9,34,35,9
734,18,19,20,28,34,9
735,12,28,32,33,35,10
736,6,15,29,32,33,3
737,1,4,10,12,28,6
738,6,15,19,26,33,9
739,1,4,10,16,21,2
740,5,8,14,24,25,10
741,8,11,24,29,31,10
742,12,18,27,30,32,6
743,12,27,28,30,33,4
744,10,14,26,28,31,2
745,10,14,16,19,25,10
746,15,18,22,28,30,8
747,5,14,19,24,28,5
748,4,6,20,35,36,6
749,4,16,19,20,31,10
750,1,4,7,8,29,2
751,5,6,15,27,31,3
752,13,19,26,32,35,9
753,8,16,17,23,35,4
754,15,26,33,34,36,5
755,9,12,17,20,36,5
756,2,7,10,18,26,7
757,18,22,26,30,32,2
758,4,11,31,32,36,2
759,14,19,22,23,31,5
760,4,8,9,24,34,5
761,12,16,20,29,32,6
762,10,17,21,31,33,10
763,14,15,16,30,33,2
764,12,13,22,30,33,3
765,6,9,12,15,32,4
766,1,2,12,31,36,6
767,2,9,14,22,23,5
768,9,21,22,26,29,5
769,5,13,17,22,29,4
770,6,16,29,32,34,8
771,8,12,13,23,24,9
772,7,13,14,16,32,4
773,10,13,14,25,35,10
774,10,11,13,17,19,8
775,1,6,20,22,36,3
776,20,27,29,32,35,4
777,1,6,16,22,31,1
778,4,16,17,18,28,7
779,5,9,18,26,35,10
780,19,21,25,30,32,3
781,8,23,25,27,28,4
782,3,16,28,30,34,3
783,11,17,20,31,33,5
784,2,6,11,16,27,6
785,12,17,18,32,36,6
786,3,21,29,35,36,2
787,3,4,5,13,15,9
788,4,6,11,16,35,4
789,3,7,28,35,36,10
790,20,24,27,34,36,10
791,7,11,15,16,30,8
792,1,5,17,28,30,7
793,9,14,24,26,31,10
794,7,9,13,14,17,2
795,7,14,25,28,33,10
796,6,7,29,33,36,3
797,12,13,17,27,28,1
798,1,5,13,17,29,9
799,2,3,6,9,11,1
800,13,20,26,30,32,5
801,7,21,27,29,33,8
802,12,17,21,24,30,1
803,3,16,21,28,36,3
804,5,20,25,30,32,6
805,5,7,18,20,21,8
806,8,16,18,20,23,9
807,4,7,9,29,36,5
808,7,8,19,20,36,8
809,26,27,31,35,36,8
810,10,16,17,20,22,10
811,3,15,16,32,34,2
812,1,12,28,31,33,1
813,13,14,18,32,34,1
814,1,6,16,22,29,8
815,2,3,4,31,33,7
816,3,14,17,22,23,9
817,1,3,4,25,28,1
818,7,21,24,28,35,4
819,26,27,32,34,36,2
820,2,26,27,31,35,7
821,9,14,15,17,26,4
822,11,12,13,14,20,2
823,2,19,21,25,32,8
824,14,15,21,22,33,2
825,5,9,11,21,22,8
826,3,13,14,23,33,5
827,4,12,13,16,33,9
828,3,6,10,16,33,6
829,6,11,18,19,34,5
830,1,10,12,18,19,8
831,6,12,13,26,29,8
832,4,5,8,20,21,10
833,4,26,29,35,36,7
834,2,10,14,32,36,7
835,17,21,28,31,33,2
836,9,11,20,21,25,10
837,3,8,18,26,30,9
838,10,11,19,34,35,7
839,2,13,14,19,24,5
840,15,19,30,31,33,2
841,2,5,9,25,31,6
842,16,19,23,32,34,5
843,2,4,22,26,36,10
844,15,18,21,26,27,9
845,6,10,27,29,35,2
846,4,10,23,25,32,4
847,2,12,27,35,36,10
848,24,25,30,31,32,6
849,4,7,8,10,18,8
850,2,9,15,25,35,2
851,1,10,20,27,28,2
852,1,8,9,20,26,3
853,4,5,6,14,34,6
854,1,2,17,24,27,6
855,2,11,13,17,27,3
856,12,16,18,23,32,2
857,8,18,19,23,24,3
858,6,16,21,30,31,4
859,5,10,15,23,31,6
860,17,23,25,30,36,7
861,6,12,22,24,36,8
862,1,3,14,23,27,2
863,9,11,22,29,31,10
864,5,10,23,25,34,10
865,1,14,20,21,33,5
866,7,9,13,19,22,3
867,6,12,25,34,35,3
868,1,4,17,22,35,4
869,2,13,20,34,36,10
870,14,23,29,32,34,10
871,4,13,24,29,36,1
872,2,10,16,26,36,9
873,3,8,18,22,23,4
874,3,6,16,21,25,8
875,6,14,18,20,34,7
876,3,14,20,32,36,10
877,12,22,24,28,36,5
878,21,23,31,32,34,2
879,3,6,9,22,25,3
880,1,3,16,30,32,5
881,3,13,16,32,36,7
882,10,14,20,25,28,4
883,7,14,22,28,32,3
884,6,13,14,15,33,6
885,2,5,23,28,31,7
886,13,16,19,20,33,6
887,20,28,32,33,36,7
888,2,7,9,15,23,8
889,3,6,7,21,26,9
890,8,19,22,23,26,6
891,7,9,19,23,31,1
892,5,10,15,27,32,9
893,4,5,11,13,30,3
894,10,11,21,29,32,6
895,2,4,9,25,31,1
896,2,3,9,15,31,2
897,10,14,19,28,29,10
898,1,13,15,23,32,8
899,1,8,9,16,23,1
900,2,9,13,20,27,9
901,8,18,23,26,34,1
902,1,4,28,32,36,8
903,4,5,17,21,25,2
904,7,9,16,21,35,6
905,5,8,13,14,34,3
906,4,16,23,28,36,7
907,7,9,11,14,26,5
908,5,14,23,28,32,5
909,17,18,25,26,30,5
910,11,15,25,29,33,9
911,4,16,23,28,33,2
912,7,12,21,27,32,6
913,4,9,20,30,32,5
914,4,10,24,33,34,2
915,5,6,17,21,26,5
916,11,17,23,24,36,2
917,4,6,17,28,34,5
918,1,7,9,10,31,4
919,9,24,32,33,36,2
920,4,6,8,10,17,2
921,6,16,22,25,27,1
922,14,19,20,22,24,9
923,2,3,12,16,17,3
924,1,2,7,25,28,4
925,4,8,22,26,35,4
926,9,21,23,24,30,9
927,5,12,23,28,34,6
928,1,7,25,31,33,3
929,3,13,14,31,34,2
930,5,8,10,12,27,2
931,4,7,19,21,30,7
932,3,4,5,10,13,10
933,11,16,25,27,35,5
934,1,12,17,21,32,3
935,2,11,16,27,31,8
936,11,17,21,33,35,3
937,6,26,33,34,36,6
938,3,17,31,34,35,7
939,5,7,15,30,34,9
940,6,20,26,28,31,10
941,1,11,21,30,33,3
942,10,20,21,31,36,8
943,2,16,23,31,36,8
944,1,25,28,31,36,1
945,2,22,24,27,28,6
946,4,5,20,28,34,9
947,3,4,5,32,34,5
948,2,12,19,27,34,2
949,6,23,24,27,32,10
950,2,3,16,24,30,9
951,3,5,9,13,28,7
952,4,7,22,29,32,3
953,6,11,12,27,35,3
954,5,6,25,26,27,3
955,11,15,23,25,28,9
956,8,16,23,34,35,6
957,1,4,8,21,26,5
958,5,10,21,23,28,10
959,2,3,8,27,31,6
960,3,5,15,19,27,4
961,1,7,23,25,33,3
962,8,16,19,23,27,2
963,2,9,22,25,35,10
964,10,23,31,32,36,2
965,2,9,12,13,32,4
966,8,20,24,25,32,3
967,1,2,13,25,35,1
968,4,21,29,31,35,10
969,29,30,31,34,35,10
970,13,23,31,33,36,10
971,3,21,24,28,36,5
972,1,10,11,25,32,10
973,1,6,10,33,35,7
974,1,19,21,24,29,4
975,8,10,11,22,26,3
976,3,23,29,32,36,3
977,13,14,27,33,35,7
978,4,8,21,23,25,5
979,1,3,4,8,15,5
980,4,8,28,30,35,5
981,3,6,16,34,35,2
982,9,11,22,30,32,1
983,16,18,21,30,31,10
984,7,9,21,32,34,8
985,2,8,12,13,26,6
986,2,14,15,20,36,3
987,8,15,20,25,26,8
988,6,7,13,24,28,3
989,1,5,11,13,24,7
990,15,20,22,25,29,3
991,8,9,19,30,32,8
992,5,11,20,21,23,2
993,3,10,12,13,31,3
994,5,6,10,22,27,3
995,6,13,19,20,29,3
996,5,16,19,31,33,7
997,14,18,25,29,32,10
998,15,16,18,26,33,5
999,3,18,26,32,33,1
1000,1,13,25,27,36,3
1001,1,9,16,18,36,3
1002,3,4,5,8,11,5
1003,6,12,16,17,23,1
1004,16,17,18,20,30,8
1005,6,10,17,31,35,6
1006,7,11,14,18,33,9
1007,10,11,23,26,35,9
1008,2,11,23,24,36,4
1009,10,20,26,33,36,4
1010,2,6,9,19,27,10
1011,13,23,24,28,36,8
1012,2,3,6,12,28,2
1013,1,15,19,29,31,1
1014,2,10,16,33,34,1
1015,3,8,20,25,28,4
1016,3,4,16,32,35,8
1017,5,8,17,18,22,1
1018,12,18,24,32,35,3
1019,8,13,14,21,35,5
1020,1,3,7,13,34,10
1021,13,14,15,27,34,6
1022,5,18,25,29,36,9
1023,2,7,16,17,23,8
1024,12,14,27,29,31,10
1025,10,11,20,23,34,9
1026,1,6,9,21,31,7
1027,1,3,12,24,29,10
1028,7,10,18,19,24,8
1029,13,16,27,30,31,4
1030,2,7,30,34,36,4
1031,9,28,31,33,34,7
1032,12,13,15,18,33,8
1033,9,13,17,28,29,6
1034,2,7,9,11,36,5
1035,10,12,23,25,35,6
1036,1,13,18,21,31,6
1037,2,5,7,11,14,2
1038,3,8,13,19,21,10
1039,11,12,16,21,29,4
1040,6,9,30,32,33,1
1041,1,5,6,25,32,2
1042,6,12,22,26,27,5
1043,1,3,9,14,31,8
1044,14,28,29,30,36,5
1045,5,22,24,29,35,9
1046,1,12,16,21,29,2
1047,2,17,21,32,34,1
1048,18,26,27,35,36,8
1049,5,10,13,27,30,4
1050,8,19,23,33,34,1
1051,11,12,28,32,33,8
1052,8,16,19,29,32,5
1053,1,22,26,28,35,6
1054,12,18,20,23,30,10
1055,2,17,28,34,36,4
1056,5,16,22,30,34,3
1057,4,5,6,21,36,4
1058,7,10,27,29,30,1
1059,1,5,11,16,23,9
1060,14,17,22,28,36,9
1061,9,23,24,29,34,3
1062,1,16,23,24,32,1
1063,2,5,6,13,19,4
1064,6,17,34,35,36,9
1065,6,12,16,24,31,9
1066,1,16,17,24,31,10
1067,2,9,10,14,19,1
1068,15,17,19,20,23,10
1069,4,11,13,18,23,6
1070,5,10,14,23,24,8
1071,23,24,27,29,31,10
1072,1,12,14,15,29,5
1073,1,8,9,21,34,8
1074,10,17,25,30,33,3
1075,19,23,25,30,33,2
1076,2,3,6,10,12,1
1077,4,5,8,21,35,8
1078,4,9,10,14,33,4
1079,8,12,16,18,30,2
1080,10,14,23,29,35,10
1081,3,15,29,30,34,10
1082,4,5,6,11,23,10
1083,1,9,10,23,34,4
1084,2,9,13,29,32,10
1085,1,13,21,27,34,7
1086,1,15,16,19,30,4
1087,9,14,18,19,33,2
1088,1,4,24,28,32,6
1089,3,12,16,21,28,7
1090,1,2,6,22,32,4
1091,2,6,17,29,32,3
1092,6,13,24,30,35,1
1093,13,15,26,32,36,8
1094,4,7,18,22,35,5
1095,1,9,13,17,24,6
1096,7,11,15,16,20,1
1097,9,15,20,22,25,10
1098,3,23,25,28,30,5
1099,2,9,15,24,27,6
1100,15,18,25,31,34,1
1101,3,6,7,22,28,8
1102,15,17,21,26,36,10
1103,9,16,22,35,36,6
1104,1,3,10,17,27,10
1105,14,18,27,28,35,10
1106,13,25,30,33,34,7
1107,1,5,9,27,30,10
1108,10,15,28,29,31,4
1109,4,14,17,21,25,9
1110,2,11,20,25,35,7
1111,4,7,20,27,34,6
1112,1,16,20,21,28,8
1113,8,9,11,19,24,6
1114,13,14,26,32,35,1
1115,3,4,7,24,29,5
1116,20,21,22,23,27,2
1117,6,14,15,18,27,3
1118,1,6,20,33,36,8
1119,10,18,23,34,35,9
1120,5,12,18,30,34,8
1121,1,14,19,25,36,9
1122,7,13,14,15,31,8
1123,8,10,13,23,29,9
1124,14,18,24,31,36,2
1125,2,25,26,32,36,6
1126,12,16,23,31,33,2
1127,4,9,10,15,22,6
1128,1,7,19,21,27,10
1129,7,10,15,24,32,7
1130,5,7,16,17,24,4
1131,4,6,14,16,35,1
1132,1,21,24,26,33,6
1133,10,11,18,19,20,2
1134,3,8,19,21,35,8
1135,2,14,18,20,33,1
1136,1,4,13,23,27,8
1137,6,16,17,19,31,7
1138,1,2,8,32,33,2
1139,10,11,12,26,33,1
1140,3,11,24,26,28,2
1141,2,12,13,26,28,5
1142,6,10,12,33,34,10
1143,5,19,22,29,30,8
1144,12,27,28,31,32,5
1145,2,11,20,22,25,5
1146,5,6,7,20,27,2
1147,4,14,30,32,35,7
1148,16,19,26,29,34,3
1149,4,18,23,32,36,6
1150,1,8,19,22,31,4
1151,8,15,21,22,30,8
1152,2,17,18,28,34,10
1153,3,4,10,16,33,10
1154,14,16,31,33,34,7
1155,10,12,13,34,35,3
1156,12,24,29,32,36,2
1157,8,9,29,30,32,2
1158,2,11,28,32,36,10
1159,2,11,14,25,30,5
1160,4,7,15,26,35,3
1161,4,10,23,27,29,3
1162,16,24,25,31,36,10
1163,1,5,20,22,36,3
1164,2,6,33,35,36,8
1165,2,13,17,20,31,7
1166,3,6,12,17,33,6
1167,16,17,19,20,22,1
1168,9,15,17,26,31,7
1169,1,5,22,25,28,3
1170,10,23,25,32,35,9
1171,1,5,14,26,29,3
1172,17,22,26,32,35,7
1173,3,6,15,17,24,6
1174,2,9,13,14,21,1
1175,11,12,14,21,31,4
1176,3,7,10,13,27,9
1177,6,8,18,19,33,5
1178,17,26,28,31,35,9
1179,2,3,17,27,34,9
1180,5,8,17,27,31,10
1181,14,15,19,25,29,2
1182,5,11,15,31,35,5
1183,1,11,24,29,33,9
1184,7,12,16,18,28,10
1185,10,15,19,25,26,3
1186,2,19,30,33,34,7
1187,2,11,15,20,27,2
1188,1,15,16,18,32,6
1189,5,18,19,24,29,9
1190,20,26,28,32,34,8
1191,7,15,16,24,32,5
1192,3,16,25,26,33,8
1193,7,14,15,19,23,4
1194,3,5,13,26,32,8
1195,13,14,23,29,34,7
1196,22,24,27,29,30,10
1197,8,10,11,21,29,4
1198,11,15,18,22,26,1
1199,3,6,7,15,19,4
1200,3,15,27,28,30,4
1201,8,13,26,30,31,6
1202,8,13,17,20,23,4
1203,16,18,25,27,30,4
1204,13,16,20,28,33,1
1205,5,8,9,17,34,6
1206,4,8,19,31,35,3
1207,4,26,30,31,34,2
1208,4,17,24,28,34,5
1209,3,9,12,28,29,8
1210,7,8,18,24,30,7
1211,8,11,16,32,33,8
1212,1,26,27,30,33,10
1213,3,9,30,31,32,3
1214,11,18,27,33,35,3
1215,1,8,10,24,28,9
1216,5,9,18,30,35,9
1217,10,15,20,25,34,10
1218,8,10,12,24,32,3
1219,11,24,28,30,31,9
1220,1,3,15,28,29,8
1221,5,16,20,22,29,8
1222,6,7,9,12,32,7
1223,13,17,25,28,32,1
1224,13,14,16,19,28,7
1225,4,5,9,22,30,7
1226,7,13,25,26,27,7
1227,6,15,18,26,32,8
1228,4,7,10,20,33,5
1229,10,11,19,25,26,9
1230,1,13,16,29,35,6
1231,10,11,12,28,34,3
1232,5,14,16,22,30,1
1233,1,6,22,25,27,7
1234,1,12,15,24,29,5
1235,7,9,10,14,27,4
1236,3,15,19,25,32,9
1237,2,3,7,9,24,6
1238,7,11,13,25,26,10
1239,2,11,14,25,34,6
1240,4,9,12,14,31,8
1241,25,29,30,31,34,7
1242,4,18,26,29,33,6
1243,7,16,25,26,35,5
1244,2,5,15,26,30,9
1245,12,14,17,27,32,6
1246,3,5,11,21,28,9
1247,1,7,12,26,33,10
1248,5,20,22,26,33,1
1249,3,12,20,29,34,1
1250,12,17,19,27,34,3
1251,2,4,7,10,13,7
1252,4,5,14,19,27,3
1253,5,8,10,18,22,8
1254,6,12,18,22,31,10
1255,5,6,11,12,34,6
1256,2,7,9,16,22,9
1257,3,4,8,21,32,6
1258,1,5,13,19,32,5
1259,11,12,20,25,31,2
1260,23,26,28,31,34,4
1261,3,19,20,24,29,6
1262,5,10,11,31,32,10
1263,2,14,24,25,28,6
1264,14,15,25,27,29,10
1265,14,20,23,29,33,2
1266,3,24,26,29,34,7
1267,1,6,13,23,33,4
1268,1,6,23,32,35,6
1269,13,15,26,33,34,1
1270,4,7,18,21,31,7
1271,4,13,19,22,23,6
1272,5,14,24,29,33,3
1273,6,9,14,21,25,8
1274,17,19,28,32,34,7
1275,9,13,14,22,30,4
1276,3,12,17,32,35,4
1277,4,8,9,23,29,2
1278,1,12,19,21,33,8
1279,3,8,9,29,30,8
1280,7,9,11,14,34,1
1281,1,7,8,20,28,2
1282,15,24,29,31,34,2
1283,9,10,15,19,24,1
1284,4,14,16,22,26,10
1285,4,12,20,21,29,8
1286,10,13,14,18,34,8
1287,7,9,13,14,19,6
1288,7,9,14,17,26,5
1289,13,15,23,25,34,5
1290,6,12,14,22,35,3
1291,2,3,10,23,26,7
1292,15,19,20,23,24,7
1293,2,16,21,26,27,8
1294,5,6,14,15,34,2
1295,11,13,17,21,28,10
1296,8,15,17,18,30,1
1297,9,13,15,18,29,2
1298,9,22,25,27,32,4
1299,5,7,8,13,15,1
1300,1,7,14,17,29,1
1301,8,9,17,30,32,9
1302,6,12,13,21,24,8
1303,8,16,28,29,33,3
1304,2,9,17,23,33,2
1305,15,19,23,29,33,9
1306,2,4,6,20,35,10
1307,6,12,14,30,34,4
1308,1,10,11,28,29,10
1309,3,10,11,16,26,9
1310,5,17,23,24,35,5
1311,5,12,19,24,28,9
1312,4,11,15,20,33,9
1313,4,14,22,25,27,1
1314,1,8,10,20,28,1
1315,11,20,24,27,33,8
1316,3,13,30,34,35,1
1317,1,7,11,32,35,5
1318,5,13,21,24,26,8
1319,8,14,18,28,32,1
1320,4,9,25,33,35,4
1321,2,11,20,30,32,8
1322,16,17,18,21,31,4
1323,3,7,15,19,28,8
1324,1,7,14,26,33,3
1325,9,15,22,28,30,8
1326,4,12,13,15,18,2
1327,10,17,20,25,26,5
1328,15,17,18,19,21,10
1329,9,15,18,29,35,5
1330,4,10,12,27,28,7
1331,1,12,17,25,31,5
1332,4,10,23,26,34,1
1333,1,5,12,29,33,1
1334,3,4,31,34,35,8
1335,8,12,24,29,34,7
1336,17,22,26,29,32,7
1337,10,12,24,29,35,1
1338,6,8,13,18,32,3
1339,3,4,5,8,25,2
1340,5,11,15,18,22,6
1341,2,6,10,15,32,10
1342,3,16,25,29,31,4
1343,7,11,15,20,30,4
1344,4,8,11,25,35,8
1345,1,7,20,31,32,8
1346,12,25,30,31,32,4
1347,3,6,15,28,29,1
1348,9,11,15,20,29,6
1349,15,19,23,28,29,8
1350,1,20,22,33,34,8
1351,3,13,16,30,31,6
1352,13,20,28,29,30,5
1353,9,13,16,29,30,4
1354,1,3,14,21,23,6
1355,2,13,19,28,33,8
1356,17,21,25,29,34,4
1357,3,18,21,25,33,2
1358,5,13,22,25,35,2
1359,2,4,5,17,34,9
1360,5,12,15,19,31,10
1361,3,8,10,12,13,8
1362,7,17,20,25,33,4
1363,12,16,18,24,28,5
1364,4,12,22,23,25,5
1365,5,6,7,11,29,6
1366,6,10,23,34,35,7
1367,1,6,8,10,34,8
1368,7,14,18,19,23,9
1369,9,13,20,30,31,9
1370,2,7,26,27,34,1
1371,12,18,25,26,29,10
1372,7,10,19,31,34,6
1373,7,24,25,28,32,4
1374,8,22,29,32,35,4
1375,12,23,25,26,35,10
1376,13,19,31,32,33,7
1377,4,8,9,12,27,5
1378,6,8,12,23,32,6
1379,4,7,19,31,35,6
1380,1,9,17,28,33,10
1381,5,17,23,24,34,8
1382,11,15,27,30,34,5
1383,2,18,26,29,32,2
1384,9,25,31,33,34,9
1385,9,14,20,24,32,7
1386,8,19,21,32,34,5
1387,1,9,12,15,30,10
1388,3,4,8,26,35,2
1389,2,7,22,23,32,10
1390,2,24,29,32,33,5
1391,17,22,27,28,34,6
1392,2,4,10,22,34,9
1393,7,8,18,23,30,10
1394,14,18,24,29,34,9
1395,8,9,14,15,16,7
1396,7,9,14,31,35,7
1397,6,18,20,29,35,4
1398,2,3,14,19,29,3
1399,4,20,29,30,32,5
1400,1,14,24,29,35,5
1401,4,13,19,24,28,2
1402,9,12,18,21,24,1
1403,1,18,19,20,22,10
1404,0,0,0,0,0,0
1405,4,9,15,25,27,10
1406,5,25,30,32,33,10
1407,13,21,27,32,35,6
1408,5,6,27,33,34,6
1409,2,5,11,18,27,10
1410,5,22,23,31,32,3
1411,2,7,13,25,29,3
1412,1,24,26,31,34,6
1413,11,15,22,31,35,1
1414,19,22,25,32,34,5
1415,5,14,23,30,33,8
1416,3,4,5,16,28,7
1417,20,21,22,26,32,1
1418,1,22,24,30,34,4
1419,6,11,13,17,29,5
1420,10,12,26,31,35,10
1421,1,8,13,15,23,6
1422,7,11,13,19,31,4
1423,1,4,5,6,30,5
1424,4,15,18,19,28,4
1425,3,5,13,17,34,10
1426,1,2,18,27,30,7
1427,6,20,26,27,35,8
1428,9,13,17,21,33,10
1429,8,12,14,17,21,8
1430,1,7,21,25,35,3
1431,4,14,16,29,33,10
1432,2,9,12,29,34,3
1433,3,6,18,32,35,5
1434,3,15,20,24,31,5
1435,8,11,15,18,28,8
1436,3,4,22,28,34,5
1437,4,5,19,23,33,6
1438,1,6,11,12,27,2
1439,4,14,21,28,35,10
1440,5,9,10,23,33,7
1441,11,19,22,27,32,4
1442,6,20,25,26,27,3
1443,2,12,23,27,30,3
1444,3,5,18,25,31,6
1445,8,12,13,20,28,8
1446,1,8,9,21,32,8
1447,1,11,24,25,31,2
1448,8,19,23,33,34,2
1449,1,5,16,29,35,6
1450,11,15,22,26,27,10
1451,14,19,24,29,32,9
1452,2,5,8,12,25,4
1453,1,3,6,18,33,3
1454,1,8,12,13,35,10
1455,2,11,16,30,34,2
1456,1,4,10,21,28,4
1457,7,12,19,27,34,5
1458,11,12,17,18,19,10
1459,5,9,16,17,31,1
1460,2,6,7,17,27,3
1461,2,3,6,14,32,9
1462,9,16,19,31,32,10
1463,3,5,8,17,26,1
1464,6,11,20,33,35,2
1465,4,19,20,23,29,5
1466,8,10,17,30,35,7
1467,2,4,10,11,25,2
1468,2,5,16,25,33,4
1469,4,21,29,33,35,1
1470,23,25,26,27,35,2
1471,15,17,20,23,30,5
1472,3,4,6,7,24,2
1473,3,6,21,29,34,5
1474,6,21,27,31,34,7
1475,4,6,9,23,26,8
1476,9,14,18,23,25,6
1477,1,3,7,15,33,6
1478,3,10,20,28,30,3
1479,3,7,11,17,28,10
1480,7,9,14,16,20,5
1481,3,7,9,12,26,8
1482,7,10,11,13,24,9
1483,2,7,11,28,29,6
1484,8,10,13,17,24,8
1485,3,4,21,26,31,5
1486,4,9,20,24,28,4
1487,1,11,13,30,34,7
1488,10,16,23,28,29,2
1489,6,22,23,25,29,2
1490,17,22,27,31,34,2
1491,9,21,23,25,30,4
1492,2,7,8,14,28,2
1493,8,12,19,26,33,8
1494,14,23,25,27,30,7
1495,3,11,12,22,34,6
1496,9,10,18,20,34,1
1497,13,16,26,32,33,6
1498,8,23,24,27,34,5
1499,6,16,18,30,32,10
1500,1,17,20,23,32,2
1501,3,12,16,17,29,3
1502,7,9,17,21,29,4
1503,10,13,19,25,26,9
1504,13,20,21,24,33,5
1505,17,23,25,27,28,7
1506,15,22,29,30,35,2
1507,2,7,16,26,35,5
1508,13,18,19,28,29,6
1509,20,34,7,12,5,3
1510,10,12,16,17,23,8
1511,7,16,18,26,29,9
1512,4,8,13,21,24,7
1513,3,8,10,15,30,4
1514,2,7,11,28,31,9
1515,2,3,6,12,25,10
1516,8,10,12,29,34,1
1517,6,8,17,19,28,7
1518,14,19,28,30,34,7
1519,2,4,7,15,31,10
1520,9,20,22,23,24,4
1521,13,19,20,22,28,2
1522,1,5,31,32,33,6
1523,4,7,8,31,34,6
1524,1,14,22,27,28,5
1525,5,7,20,33,34,7
1526,8,10,20,27,29,5
1527,13,14,23,24,32,8
1528,9,14,17,24,31,2
1529,4,16,19,29,35,4
1530,16,21,28,29,33,6
1531,1,10,14,25,28,1
1532,7,13,14,23,32,1
1533,7,18,24,29,34,4
1534,9,13,14,22,33,3
1535,1,12,14,17,35,5
1536,2,7,21,24,30,6
1537,3,7,16,17,31,7
1538,9,16,17,32,35,5
1539,1,2,6,8,26,1
1540,4,5,6,18,31,6
1541,2,9,14,18,31,3
1542,3,6,15,23,25,3
1543,8,14,17,19,27,6
1544,1,7,17,26,34,7
1545,5,16,17,28,35,3
1546,1,8,11,25,34,2
1547,1,18,20,21,23,8
1548,2,3,14,24,32,2
1549,6,9,15,17,27,8
1550,5,6,20,21,25,9
1551,1,7,8,19,22,6
1552,2,10,14,19,35,2
1553,3,15,20,25,26,3
1554,1,22,24,25,27,3
1555,7,9,17,26,35,2
1556,1,7,19,25,30,4
1557,12,13,19,34,35,7
1558,12,20,22,24,25,2
1559,3,5,10,20,23,8
1560,13,18,20,21,34,2
1561,1,3,8,21,33,3
1562,4,5,7,22,28,8
1563,1,6,23,29,33,10
1564,7,12,14,20,23,3
1565,14,16,27,28,29,5
1566,17,22,25,31,33,10
1567,7,8,18,22,29,8
1568,5,13,14,18,22,5
1569,11,12,14,16,33,3
1570,9,20,26,28,33,2
1571,1,6,10,19,20,9
1572,2,10,12,27,33,5
1573,1,8,9,17,30,4
1574,6,16,17,19,20,7
1575,2,4,8,12,21,4
1576,3,7,13,30,31,5
1577,6,17,19,29,34,3
1578,4,7,24,28,35,10
1579,18,23,24,30,32,4
1580,13,19,20,26,35,1
1581,3,6,8,9,14,3
1582,10,25,29,34,35,4
1583,2,8,18,21,23,8
1584,5,21,27,29,31,7
1585,6,10,15,25,35,6
1586,7,9,25,27,28,10
1587,1,3,9,17,32,6
1588,6,12,16,23,34,8
1589,1,26,29,30,33,5
1590,16,20,21,26,27,6
1591,6,21,27,29,34,1
1592,9,11,28,29,32,5
1593,9,17,24,29,31,10
1594,7,8,10,26,33,8
1595,4,7,19,20,25,9
1596,8,9,11,15,25,9
1597,5,6,8,27,32,1
1598,2,10,22,28,30,7
1599,13,15,16,17,29,9
1600,14,15,22,27,30,5
1601,7,22,26,32,33,6
1602,2,9,11,13,18,4
1603,10,15,22,32,33,3
1604,2,16,21,25,28,9
1605,9,11,12,18,26,4
1606,5,14,18,22,25,2
1607,3,10,12,16,19,9
1608,2,3,5,10,29,6
1609,5,8,13,15,21,2
1610,1,15,21,23,27,8
1611,18,20,25,30,35,5
1612,15,18,21,23,32,4
1613,15,18,20,31,35,5
1614,3,12,19,25,34,2
1615,4,9,10,13,24,1
1616,15,17,22,23,34,6
1617,14,15,18,26,27,8
1618,17,25,26,34,35,2
1619,2,12,24,31,34,8
1620,7,19,20,31,35,9
1621,6,24,27,28,34,1
1622,8,17,18,33,35,9
1623,9,17,22,32,35,2
1624,6,10,22,27,34,8
1625,7,11,17,31,32,7
1626,8,20,25,27,30,9
1627,1,6,16,31,35,1
1628,12,18,22,26,28,5
1629,2,5,9,14,23,7
1630,9,10,13,22,30,10
1631,1,9,13,28,30,7
1632,10,19,31,34,35,10
1633,3,9,10,17,35,7
1634,6,7,9,24,29,5
1635,1,4,27,30,34,10
1636,18,20,21,22,27,5
1637,2,7,16,28,35,4
1638,7,16,24,25,26,4
1639,5,9,11,23,33,7
1640,1,11,14,17,22,2
1641,13,25,26,28,30,9
1642,1,5,7,30,31,9
1643,4,13,20,23,33,1
1644,6,21,28,33,35,5
1645,2,6,18,27,28,6
1646,2,4,18,22,27,7
1647,9,20,25,34,35,4
1648,8,10,20,27,34,1
1649,4,15,26,27,31,10
1650,3,11,18,21,24,8
1651,18,21,23,25,34,9
1652,2,3,20,23,32,8
1653,14,27,29,30,33,10
1654,2,3,24,27,29,6
1655,1,4,9,22,28,1
1656,1,9,15,33,34,1
1657,4,7,22,27,34,2
1658,13,15,17,22,31,8
1659,5,9,11,17,22,3
1660,1,9,10,15,33,1
1661,7,18,25,26,31,7
1662,10,11,12,22,25,3
1663,3,4,13,17,18,8
1664,2,10,12,25,34,2
1665,1,4,10,12,18,6
1666,4,17,28,31,32,9
1667,2,14,15,21,34,4
1668,3,7,9,27,33,9
1669,1,8,12,15,34,9
1670,4,15,26,27,29,2
1671,2,3,8,22,25,6
1672,6,13,16,23,35,9
1673,2,5,9,16,29,7
1674,1,3,5,18,34,2
1675,4,23,24,26,33,4
1676,2,11,14,15,16,7
1677,4,16,25,26,27,4
1678,5,18,19,30,31,4
1679,11,18,21,26,35,6
1680,7,9,15,26,33,10
1681,3,4,12,13,22,2
1682,5,7,8,29,31,7
1683,2,3,9,27,28,2
1684,6,16,27,31,33,5
1685,12,16,24,28,30,6
1686,9,12,13,26,34,10
1687,6,7,16,23,27,6
1688,9,12,17,28,34,10
1689,5,9,10,17,23,1
1690,9,13,23,30,35,7
1691,9,10,17,22,35,5
1692,5,7,10,17,27,1
1693,1,2,9,18,24,7
1694,1,9,19,21,34,1
1695,1,9,11,20,28,2
1696,4,19,30,33,34,5
1697,14,21,30,33,34,9
1698,1,20,21,30,35,4
1699,3,8,27,33,34,8
1700,2,5,11,16,17,5
1701,11,16,28,32,33,7
1702,14,20,23,26,29,2
1703,12,19,21,26,34,1
1704,6,17,27,29,34,7
1705,5,10,12,16,25,7
1706,5,19,25,32,34,10
1707,3,5,11,12,30,10
1708,6,8,21,30,31,1
1709,2,14,19,30,34,1
1710,6,11,16,29,32,10
1711,6,13,27,31,34,2
1712,2,3,16,30,31,7
1713,6,10,17,21,27,1
1714,2,4,12,25,34,10
1715,6,15,26,27,33,10
1716,9,27,29,34,35,8
1717,8,11,28,34,35,9
1718,9,16,21,28,32,10
1719,2,7,10,21,23,6
1720,4,12,14,16,33,3
1721,5,16,29,30,32,2
1722,1,9,14,30,32,10
1723,5,8,29,30,35,1
1724,3,5,22,31,32,2
1725,11,14,24,29,32,4
1726,24,25,26,29,31,5
1727,5,12,16,26,35,4
1728,7,9,11,25,32,4
1729,4,12,14,18,25,8
1730,2,6,23,24,34,9
1731,5,8,12,13,17,9
1732,21,24,26,27,33,7
1733,2,4,15,18,20,8
1734,19,23,24,26,29,9
1735,1,2,7,13,29,2
1736,6,22,25,28,31,9
1737,10,17,18,19,31,9
1738,4,11,20,22,26,2
1739,4,13,16,19,30,8
1740,4,9,12,17,33,3
1741,3,9,17,29,32,3
1742,15,21,24,26,28,10
1743,2,6,19,24,30,8
1744,9,10,22,23,32,9
1745,9,12,25,30,33,9
1746,11,12,13,18,19,10
1747,9,13,15,17,19,1
1748,1,16,20,28,31,1
1749,4,11,12,30,33,6
1750,1,2,6,9,25,8
1751,9,12,31,33,34,2
1752,3,11,12,20,30,7
1753,8,12,15,18,32,5
1754,13,16,18,29,31,8
1755,5,12,21,22,28,2
1756,4,9,12,29,33,3
1757,2,7,9,13,32,1
1758,7,8,13,24,30,1
1759,3,13,17,29,31,3
1760,2,17,18,25,29,8
1761,9,17,30,31,33,10
1762,2,5,20,26,27,2
1763,1,2,5,25,33,3
1764,6,11,13,28,31,2
1765,8,21,25,26,35,3
1766,1,7,9,13,27,2
1767,17,19,27,32,34,4
1768,5,8,9,26,27,1
1769,6,19,25,28,35,1
1770,3,8,15,21,27,8
1771,9,11,25,29,35,8
1772,1,6,9,28,30,10
1773,6,22,25,28,29,2
1774,18,21,23,28,33,9
1775,7,10,12,25,32,9
1776,3,11,25,34,35,1
1777,5,17,18,24,26,10
1778,9,13,15,19,30,4
1779,1,12,15,17,18,1
1780,4,8,24,25,31,5
1781,7,9,11,12,31,2
1782,5,7,18,27,30,2
1783,4,5,10,11,32,9
1784,2,16,18,19,22,1
1785,14,15,16,17,18,4
1786,2,6,8,17,35,2
1787,2,5,13,21,26,3
1788,2,14,18,21,27,10
1789,7,8,13,19,21,9
1790,3,18,20,29,31,9
1791,4,15,22,25,27,2
1792,3,8,9,13,22,5
1793,1,12,13,29,31,4
1794,5,7,10,16,31,9
1795,5,8,10,11,25,6
1796,9,12,13,32,35,4
1797,2,17,21,24,25,8
1798,1,7,23,32,34,2
1799,4,20,21,24,27,6
1800,10,18,28,32,35,5
1801,1,7,13,18,28,1
1802,1,12,18,31,33,1
1803,4,18,24,27,33,5
1804,7,18,24,25,26,6
1805,5,11,20,23,32,4
1806,3,7,13,16,18,8
1807,3,6,10,23,32,6
1808,2,3,7,19,32,7
1809,7,9,14,15,27,8
1810,2,3,22,23,28,1
1811,9,12,15,22,30,9
1812,8,18,19,20,27,10
1813,10,19,25,26,35,1
1814,11,12,15,27,31,7
1815,6,17,27,29,32,9
1816,1,13,17,27,29,3
1817,11,13,18,26,29,6
1818,5,6,14,16,33,4
1819,5,8,18,27,33,6
1820,4,12,13,22,28,10
1821,1,11,30,34,35,1
1822,20,22,27,32,33,3
1823,4,7,9,17,34,7
1824,2,4,12,14,22,10
1825,2,17,21,27,31,2
1826,5,14,25,34,35,5
1827,3,12,14,22,29,7
1828,2,4,8,17,33,8
1829,7,8,10,11,14,9
1830,8,23,24,26,30,10
1831,15,17,18,22,35,5
1832,4,13,19,27,30,5
1833,3,11,13,22,31,3
1834,16,21,22,26,32,2
1835,11,15,16,27,30,10
1836,4,12,14,15,27,2
1837,11,22,25,31,35,9
1838,10,14,15,16,28,4
1839,9,12,13,20,23,4
1840,1,2,7,16,27,9
1841,2,19,26,28,32,1
1842,1,6,26,27,35,7
1843,3,13,15,25,26,9
1844,1,3,6,19,26,4
1845,9,20,21,28,33,9
1846,15,19,26,30,33,9
1847,6,9,15,24,34,8
1848,4,13,26,29,32,2
1849,5,7,8,20,26,6
1850,4,7,14,22,25,3
1851,10,23,29,31,35,3
1852,15,20,21,26,34,8
1853,5,8,23,28,29,2
1854,1,3,7,11,19,2
1855,1,10,14,34,35,6
1856,11,27,31,32,35,1
1857,5,20,25,26,35,3
1858,6,12,14,17,22,9
1859,8,20,22,30,33,10
1860,8,9,21,26,27,3
1861,2,12,25,29,30,5
1862,1,6,8,30,35,2
1863,15,16,23,26,32,8
1864,12,19,23,29,31,5
1865,5,6,11,13,34,5
1866,3,11,13,28,34,1
1867,20,23,27,28,30,8
1868,7,15,27,28,30,1
1869,3,5,7,8,23,1
1870,5,12,23,26,29,7
1871,5,6,28,29,34,2
1872,4,8,12,25,31,4
1873,10,12,13,15,25,3
1874,5,8,23,27,30,1
1875,9,12,26,31,32,7
1876,3,12,19,23,30,2
1877,1,5,15,18,28,4
1878,4,5,6,14,16,10
1879,5,7,12,14,15,7
1880,1,7,13,17,30,8
1881,4,23,25,31,32,1
1882,4,10,21,28,31,2
1883,5,14,22,28,34,5
1884,15,21,24,28,29,6
1885,1,5,14,16,28,1
1886,11,12,25,30,31,3
1887,9,12,27,30,33,7
1888,1,14,16,21,31,6
1889,8,13,14,29,31,3
1890,1,3,4,8,15,9
1891,4,8,12,15,25,7
1892,3,23,25,26,28,6
1893,1,6,16,24,26,4
1894,2,4,26,29,30,9
1895,9,15,19,20,21,4
1896,9,13,18,28,35,7
1897,6,16,20,29,31,8
1898,7,11,16,29,32,8
1899,25,27,29,30,34,9
1900,3,4,7,15,22,8
1901,6,12,17,26,33,2
1902,7,8,15,17,31,1
1903,4,6,11,24,34,7
1904,9,18,19,23,33,10
1905,5,11,24,25,34,9
1906,5,7,8,25,28,1
1907,7,14,21,32,33,6
1908,2,5,9,29,35,10
1909,1,9,16,30,33,7
1910,3,9,14,26,33,5
1911,15,16,21,30,31,1
1912,10,15,19,23,32,1
1913,1,15,22,30,32,10
1914,9,11,12,14,29,6
1915,7,13,16,19,26,4
1916,9,10,25,31,32,6
1917,10,14,21,29,30,10
1918,3,9,11,15,34,8
1919,10,20,28,33,34,8
1920,4,9,10,12,20,10
1921,6,11,14,30,32,8
1922,3,5,13,17,33,8
1923,4,5,18,20,31,6
1924,6,8,23,25,35,4
1925,4,14,18,22,23,8
1926,1,10,13,19,30,5
1927,7,10,15,24,30,4
1928,1,6,24,30,32,6
1929,12,16,21,28,32,9
1930,8,12,29,32,35,7
1931,8,11,15,23,30,10
1932,4,5,11,13,26,1
1933,1,6,7,28,30,5
1934,18,21,29,30,32,2
1935,9,17,21,33,35,9
1936,1,4,9,10,33,2
1937,1,4,14,22,33,2
1938,3,6,11,27,31,10
1939,5,20,24,25,27,9
1940,6,8,15,25,26,9
1941,12,22,24,29,32,1
1942,13,19,28,31,35,6
1943,7,11,14,18,33,2
1944,4,6,9,27,29,1
1945,2,3,4,24,25,9
1946,2,10,25,33,35,6
1947,11,15,20,22,23,3
1948,9,11,15,22,30,1
1949,20,22,26,27,32,5
1950,7,16,19,23,34,4
1951,1,15,17,23,35,8
1952,1,10,13,25,28,6
1953,3,28,30,33,35,2
1954,7,13,21,25,30,9
1955,11,20,28,29,33,6
1956,2,5,13,20,29,6
1957,2,22,23,26,28,2
1958,1,11,21,22,32,10
1959,6,7,16,18,20,5
1960,3,14,23,24,29,5
1961,6,15,19,24,26,9
1962,6,11,13,28,33,8
1963,22,24,27,28,34,1
1964,4,9,18,19,30,2
1965,14,17,19,24,28,1
1966,6,11,12,14,34,4
1967,5,6,16,22,32,9
1968,5,8,13,17,30,7
1969,4,7,25,29,31,7
1970,12,17,22,26,33,7
1971,3,7,8,28,33,10
1972,1,10,20,31,32,7
1973,14,18,20,27,29,10
1974,1,2,8,21,32,3
1975,9,17,18,21,22,3
1976,6,16,23,24,26,8
1977,16,22,25,30,33,9
1978,1,3,9,19,30,10
1979,2,5,16,26,33,2
1980,13,15,16,27,29,1
1981,3,17,26,28,32,6
1982,2,4,19,31,35,6
1983,13,21,23,34,35,3
1984,5,7,10,19,28,5
1985,14,19,21,26,27,8
1986,1,2,7,20,25,3
1987,7,16,20,23,25,8
1988,17,22,26,31,32,10
1989,3,13,24,26,34,1
1990,2,3,5,15,19,7
1991,2,12,27,28,33,1
1992,8,20,25,29,35,2
1993,13,20,26,27,35,7
1994,5,7,12,19,27,4
1995,6,15,20,21,22,6
1996,10,14,22,26,32,10
1997,8,21,26,32,33,9
1998,9,17,19,27,31,6
1999,8,11,16,19,31,9
2000,8,11,16,23,25,1
2001,11,16,17,33,35,1
2002,8,14,15,24,29,6
2003,6,10,13,14,19,7
2004,4,28,29,30,31,3
2005,8,11,17,27,29,3
2006,4,5,9,10,18,7
2007,5,12,27,32,35,2
2008,1,16,19,22,23,5
2009,6,11,21,33,34,4
2010,2,13,15,29,35,7
2011,2,10,22,30,33,8
2012,13,14,20,22,23,2
2013,9,14,21,23,28,10
2014,5,8,10,28,30,2
2015,1,2,4,23,32,7
2016,3,15,16,22,32,1
2017,1,6,8,22,30,1
2018,2,18,19,20,27,7
2019,13,15,22,23,32,10
2020,1,5,11,30,32,5
2021,3,6,7,10,14,9
2022,4,6,10,11,23,7
2023,3,4,12,15,18,2
2024,4,9,15,21,26,5
2025,6,15,17,27,35,5
2026,10,17,25,27,35,8
2027,5,20,32,34,35,7
2028,11,22,24,33,35,6
2029,12,13,17,25,27,10
2030,3,5,15,24,29,3
2031,2,7,24,26,28,2
2032,9,19,20,32,34,8
2033,1,5,20,25,29,3
2034,2,18,20,23,32,1
2035,5,17,21,26,30,3
2036,10,15,17,23,28,8
2037,12,16,27,28,33,4
